{"cameraMode":{"drawMode":0,"name":"Shaded","section":"Shading Mode"},"sceneLighting":false,"audioPlay":false,"sceneViewState":{"showFog":true,"showMaterialUpdate":false,"showSkybox":false,"showFlares":true,"showImageEffects":true,"showParticleSystems":true},"in2DMode":false,"pivot":{"x":-0.2139892578125,"y":0.1468505859375,"z":0.10919189453125},"rotation":{"x":0.4843701422214508,"y":0.1405314952135086,"z":-0.07915988564491272,"w":0.8598725199699402},"size":0.9637399911880493,"orthographic":true}