{"cameraMode":{"drawMode":0,"name":"Shaded","section":"Shading Mode"},"sceneLighting":false,"audioPlay":false,"sceneViewState":{"showFog":true,"showMaterialUpdate":false,"showSkybox":false,"showFlares":true,"showImageEffects":true,"showParticleSystems":true},"in2DMode":false,"pivot":{"x":-0.5818300843238831,"y":4.372863507609734e-17,"z":-2.579864978790283},"rotation":{"x":-0.18355482816696168,"y":0.7933385968208313,"z":-0.28942015767097475,"w":-0.5031478404998779},"size":22.0,"orthographic":false}