{"cameraMode":{"drawMode":0,"name":"Shaded","section":"Shading Mode"},"sceneLighting":true,"audioPlay":false,"sceneViewState":{"showFog":true,"showMaterialUpdate":false,"showSkybox":true,"showFlares":true,"showImageEffects":true,"showParticleSystems":true},"in2DMode":false,"pivot":{"x":-1.11376953125,"y":0.379150390625,"z":-3.01025390625},"rotation":{"x":0.2447107583284378,"y":0.2552107572555542,"z":-0.06693296134471894,"w":0.9330205917358398},"size":2.008999824523926,"orthographic":true}