{"cameraMode":{"drawMode":0,"name":"Shaded","section":"Shading Mode"},"sceneLighting":false,"audioPlay":false,"sceneViewState":{"showFog":true,"showMaterialUpdate":false,"showSkybox":false,"showFlares":true,"showImageEffects":true,"showParticleSystems":true},"in2DMode":false,"pivot":{"x":-0.800537109375,"y":0.1490478515625,"z":-2.517333984375},"rotation":{"x":0.13741296529769898,"y":0.5957419276237488,"z":-0.10433714836835861,"w":0.7844661474227905},"size":1.8151707649230958,"orthographic":true}