{"cameraMode":{"drawMode":0,"name":"Shaded","section":"Shading Mode"},"sceneLighting":false,"audioPlay":false,"sceneViewState":{"showFog":false,"showMaterialUpdate":false,"showSkybox":false,"showFlares":false,"showImageEffects":false,"showParticleSystems":false},"in2DMode":false,"pivot":{"x":-0.2210913747549057,"y":0.1602696180343628,"z":-2.6517367362976076},"rotation":{"x":-0.15862064063549043,"y":-0.8240451812744141,"z":0.466130793094635,"w":-0.28028595447540285},"size":2.8515591621398927,"orthographic":false}