{"cameraMode":{"drawMode":0,"name":"Shaded","section":"Shading Mode"},"sceneLighting":true,"audioPlay":false,"sceneViewState":{"showFog":false,"showMaterialUpdate":false,"showSkybox":true,"showFlares":false,"showImageEffects":false,"showParticleSystems":false},"in2DMode":false,"pivot":{"x":-0.08953088521957398,"y":-2.8212461471557619,"z":1.09678053855896},"rotation":{"x":0.5882894992828369,"y":0.029092909768223764,"z":-0.021192079409956933,"w":0.8078750371932983},"size":11.543025016784668,"orthographic":false}