{"cameraMode":{"drawMode":0,"name":"Shaded","section":"Shading Mode"},"sceneLighting":true,"audioPlay":false,"sceneViewState":{"showFog":false,"showMaterialUpdate":false,"showSkybox":true,"showFlares":false,"showImageEffects":false,"showParticleSystems":false},"in2DMode":false,"pivot":{"x":0.4686206579208374,"y":-1.620725154876709,"z":-0.9237238168716431},"rotation":{"x":0.4844100773334503,"y":0.1481897383928299,"z":-0.08365070819854737,"w":0.8581404089927673},"size":12.578783988952637,"orthographic":false}