{"cameraMode":{"drawMode":0,"name":"Shaded","section":"Shading Mode"},"sceneLighting":false,"audioPlay":false,"sceneViewState":{"showFog":false,"showMaterialUpdate":false,"showSkybox":false,"showFlares":false,"showImageEffects":false,"showParticleSystems":false},"in2DMode":false,"pivot":{"x":-0.659209668636322,"y":0.17408406734466554,"z":-3.084843158721924},"rotation":{"x":-0.2171439528465271,"y":-0.6913830637931824,"z":0.23127326369285584,"w":-0.6491342186927795},"size":2.5515592098236086,"orthographic":false}