{"cameraMode":{"drawMode":0,"name":"Shaded","section":"Shading Mode"},"sceneLighting":false,"audioPlay":false,"sceneViewState":{"showFog":false,"showMaterialUpdate":false,"showSkybox":false,"showFlares":false,"showImageEffects":false,"showParticleSystems":false},"in2DMode":false,"pivot":{"x":-1.7699999809265137,"y":-0.050000011920928958,"z":1.7000000476837159},"rotation":{"x":-0.23153656721115113,"y":0.6842360496520996,"z":-0.2449754774570465,"w":-0.6466947197914124},"size":0.5147403478622437,"orthographic":false}